subreddit_id,subreddit_name,num_posts,rules,over18,num_members
2qh1i,AskReddit,976,11,0,40773237
2y6r4,GlobalOffensiveTrade,999,0,0,232096
2zc5x,Fireteams,997,5,0,119077
2qh33,funny,794,10,0,48831307
2qh1e,videos,651,10,0,26685269
2qh3l,news,683,12,0,26094422
2rfxx,leagueoflegends,975,15,0,6280905
3g4tc,RocketLeagueExchange,995,9,0,196242
2qh0u,pics,976,12,0,29959741
2szyo,Showerthoughts,979,9,0,27124702
2qh03,gaming,865,10,0,36832039
2qh1o,aww,938,11,0,33889136
3h9d4,AutoNewspaper,1000,4,0,17370
2s7tt,AdviceAnimals,867,8,0,9778272
2sbbv,dirtypenpals,996,12,1,532417
2sqho,GlobalOffensive,990,9,0,1797974
2qh13,worldnews,980,10,0,31551362
2sgp1,pcmasterrace,981,12,0,7521337
